username,password,order_cod,oper_name,host,domain,,,
admin21,Aspen100,OM11,ORDER_MANAGEMENT,APEM-C-D5,APEM-C-D5,,,
admin22,Aspen100,OM12,ORDER_MANAGEMENT,APEM-C-D5,APEM-C-D5,,,
admin23,Aspen100,OM13,ORDER_MANAGEMENT,APEM-C-D5,APEM-C-D5,,,
admin24,Aspen100,OM14,ORDER_MANAGEMENT,APEM-C-D5,APEM-C-D5,,,
admin25,Aspen100,OM15,ORDER_MANAGEMENT,APEM-C-D5,APEM-C-D5,,,
admin26,Aspen100,OM16,ORDER_MANAGEMENT,APEM-C-D5,APEM-C-D5,,,
admin27,Aspen100,OM17,ORDER_MANAGEMENT,APEM-C-D5,APEM-C-D5,,,
admin28,Aspen100,OM18,ORDER_MANAGEMENT,APEM-C-D5,APEM-C-D5,,,
admin29,Aspen100,OM19,ORDER_MANAGEMENT,APEM-C-D5,APEM-C-D5,,,
admin30,Aspen100,OM20,ORDER_MANAGEMENT,APEM-C-D5,APEM-C-D5,,,
admin31,Aspen100,OM21,ORDER_MANAGEMENT,APEM-C-D5,APEM-C-D5,,,A
admin32,Aspen100,OM22,ORDER_MANAGEMENT,APEM-C-D5,APEM-C-D5,,,
admin33,Aspen100,OM23,ORDER_MANAGEMENT,APEM-C-D5,APEM-C-D5,,,
admin34,Aspen100,OM24,ORDER_MANAGEMENT,APEM-C-D5,APEM-C-D5,,,
admin35,Aspen100,OM25,ORDER_MANAGEMENT,APEM-C-D5,APEM-C-D5,,,
admin36,Aspen100,OM26,ORDER_MANAGEMENT,APEM-C-D5,APEM-C-D5,,,
admin37,Aspen100,OM27,ORDER_MANAGEMENT,APEM-C-D5,APEM-C-D5,,,
admin38,Aspen100,OM28,ORDER_MANAGEMENT,APEM-C-D5,APEM-C-D5,,,
admin39,Aspen100,OM29,ORDER_MANAGEMENT,APEM-C-D5,APEM-C-D5,,,
admin40,Aspen100,OM30,ORDER_MANAGEMENT,APEM-C-D5,APEM-C-D5,,,
